﻿Year,Topic,Population Segment,Total,Total Births Denominator,Total Population Segment,Age-specificRate,Ratio
2010,Birth rates by age of mother,Ages 15-19,3511,45596,125418,28,
2010,Birth rates by age of mother,Ages 20-24,10325,45596,125649,82.2,
2010,Birth rates by age of mother,Ages 25-29,13381,45596,130960,102.2,
2010,Birth rates by age of mother,Ages 30-34,11480,45596,126715,90.6,
2010,Birth rates by age of mother,Ages 35-39,5580,45596,125824,44.3,
2010,Birth rates by age of mother,Ages 40-44,1202,45596,123384,9.7,
2010,Births by adequacy of prenatal care,Adequate care,42458,44825,,,
2010,Births by adequacy of prenatal care,Inadequate care,2367,44825,,,
2010,Births by age of mother,Ages <15,27,45596,,,
2010,Births by age of mother,Ages 15-19,3511,45596,,,
2010,Births by age of mother,Ages 20-24,10325,45596,,,
2010,Births by age of mother,Ages 25-29,13381,45596,,,
2010,Births by age of mother,Ages 30-34,11480,45596,,,
2010,Births by age of mother,Ages 35-39,5580,45596,,,
2010,Births by age of mother,Ages 40-44,1202,45596,,,
2010,Births by age of mother,Ages 45+,90,45596,,,
2010,Births by any mention race and ethnicity,AI/AN,1511,45596,,,
2010,Births by any mention race and ethnicity,Asian,2574,45596,,,
2010,Births by any mention race and ethnicity,Black  ,1324,45596,,,
2010,Births by any mention race and ethnicity,Hispanic,9237,45596,,,
2010,Births by any mention race and ethnicity,NH/PI,507,45596,,,
2010,Births by any mention race and ethnicity,Other/not stated ,2645,45596,,,
2010,Births by any mention race and ethnicity,White,38946,45596,,,
2010,Births by reported tobacco use and mother's age,Ages <20,646,3505,,,
2010,Births by reported tobacco use and mother's age,Ages 20-24,1893,10217,,,
2010,Births by reported tobacco use and mother's age,Ages 25-29,1503,13242,,,
2010,Births by reported tobacco use and mother's age,Ages 30-34,729,11368,,,
2010,Births by reported tobacco use and mother's age,Ages 35-39,280,5525,,,
2010,Births by reported tobacco use and mother's age,Ages 40+,64,1274,,,
2010,Births by reported tobacco use and mother's age,All ages,5115,45131,,,
2010,Births by single mention race and ethnicity,AI/AN,544,45596,,,
2010,Births by single mention race and ethnicity,Asian,2081,45596,,,
2010,Births by single mention race and ethnicity,Black  ,946,45596,,,
2010,Births by single mention race and ethnicity,Hispanic,9237,45596,,,
2010,Births by single mention race and ethnicity,Multiple races,1366,45596,,,
2010,Births by single mention race and ethnicity,NH/PI,335,45596,,,
2010,Births by single mention race and ethnicity,Other/not stated ,165,45596,,,
2010,Births by single mention race and ethnicity,White,30922,45596,,,
2010,Births by trimester of first prenatal care visit,First trimester,34233,45312,,,
2010,Births by trimester of first prenatal care visit,No prenatal care,282,45312,,,
2010,Births by trimester of first prenatal care visit,Second trimester,9143,45312,,,
2010,Births by trimester of first prenatal care visit,Third trimester,1654,45312,,,
2010,Births to unmarried mothers by age,Ages <15,27,27,,,
2010,Births to unmarried mothers by age,Ages 15-19,2949,3503,,,
2010,Births to unmarried mothers by age,Ages 20-24,5844,10290,,,
2010,Births to unmarried mothers by age,Ages 25-29,3965,13353,,,
2010,Births to unmarried mothers by age,Ages 30-34,2151,11459,,,
2010,Births to unmarried mothers by age,Ages 35-39,979,5573,,,
2010,Births to unmarried mothers by age,Ages 40-44,237,1200,,,
2010,Births to unmarried mothers by age,Ages 45+,21,89,,,
2010,Births to unmarried mothers by age,All ages,16173,45494,,,
2010,Births to unmarried mothers by any race/ethnicity,AI/AN,893,1502,,,
2010,Births to unmarried mothers by any race/ethnicity,Asian,453,2570,,,
2010,Births to unmarried mothers by any race/ethnicity,Black  ,817,1324,,,
2010,Births to unmarried mothers by any race/ethnicity,Hispanic,4489,9227,,,
2010,Births to unmarried mothers by any race/ethnicity,NH/PI,251,505,,,
2010,Births to unmarried mothers by any race/ethnicity,Other/not stated ,1274,2629,,,
2010,Births to unmarried mothers by any race/ethnicity,White,13459,38869,,,
2010,Births to unmarried mothers by single race/ethnicity,AI/AN,337,538,,,
2010,Births to unmarried mothers by single race/ethnicity,Asian,280,2079,,,
2010,Births to unmarried mothers by single race/ethnicity,Black  ,570,946,,,
2010,Births to unmarried mothers by single race/ethnicity,Hispanic,4489,9227,,,
2010,Births to unmarried mothers by single race/ethnicity,Multiple races,678,1361,,,
2010,Births to unmarried mothers by single race/ethnicity,NH/PI,175,335,,,
2010,Births to unmarried mothers by single race/ethnicity,Other/not stated ,49,155,,,
2010,Births to unmarried mothers by single race/ethnicity,White,9595,30853,,,
2010,Fertility rates,General fertility rate,45479,45596,757950,60,
2010,Fertility rates,Total fertility rate,,,,"1,785.20",
2010,Low birthweight infants,<1500 grams,480,45588,,,
2010,Low birthweight infants,1500-2499 grams,2393,45588,,,
2010,Low birthweight infants,Total low birthweight,2873,45588,,,
2010,Pregnancy rates by age group,Ages 10-19,4900,,249111,19.7,
2010,Pregnancy rates by age group,Ages 20-24,13342,,125649,106.2,
2010,Pregnancy rates by age group,Ages 25-29,15632,,130960,119.4,
2010,Pregnancy rates by age group,Ages 30-34,12921,,126715,102,
2010,Pregnancy rates by age group,Ages 35-39,6410,,125824,50.9,
2010,Pregnancy rates by age group,Ages 40-44,1495,,123384,12.1,
2010,Pregnancy rates of teens ages 15-19,Ages 15-17,1406,,75466,18.6,
2010,Pregnancy rates of teens ages 15-19,Ages 15-19,4842,,125418,38.6,
2010,Pregnancy rates of teens ages 15-19,Ages 18-19,3436,,49952,68.8,
2010,Pregnancy rates of young teens ages 10-17,Ages 10-14,58,,123693,0.5,
2010,Pregnancy rates of young teens ages 10-17,Ages 10-17,1464,,199159,7.4,
2010,Total occurrence births & abortions,Abortion ratio,,,,,217.6
2010,Total occurrence births & abortions,Occurrence abortions,9990,,,,
2010,Total occurrence births & abortions,Occurrence births,45904,,,,
2010,Total resident births & pregnancies,Resident births,45596,,,,
2010,Total resident births & pregnancies,Resident pregnancies,54874,,,,
2011,Birth rates by age of mother,Ages 15-19,3135,45136,123807,25.3,
2011,Birth rates by age of mother,Ages 20-24,9874,45136,124789,79.1,
2011,Birth rates by age of mother,Ages 25-29,13232,45136,132127,100.1,
2011,Birth rates by age of mother,Ages 30-34,11874,45136,129509,91.7,
2011,Birth rates by age of mother,Ages 35-39,5683,45136,125627,45.2,
2011,Birth rates by age of mother,Ages 40-44,1242,45136,124153,10,
2011,Births by adequacy of prenatal care,Adequate care,41564,43927,,,
2011,Births by adequacy of prenatal care,Inadequate care,2363,43927,,,
2011,Births by age of mother,Age not stated,1,45136,,,
2011,Births by age of mother,Ages <15,20,45136,,,
2011,Births by age of mother,Ages 15-19,3135,45136,,,
2011,Births by age of mother,Ages 20-24,9874,45136,,,
2011,Births by age of mother,Ages 25-29,13232,45136,,,
2011,Births by age of mother,Ages 30-34,11874,45136,,,
2011,Births by age of mother,Ages 35-39,5683,45136,,,
2011,Births by age of mother,Ages 40-44,1242,45136,,,
2011,Births by age of mother,Ages 45+,75,45136,,,
2011,Births by any mention race and ethnicity,AI/AN,1443,45136,,,
2011,Births by any mention race and ethnicity,Asian,2600,45136,,,
2011,Births by any mention race and ethnicity,Black  ,1339,45136,,,
2011,Births by any mention race and ethnicity,Hispanic,8717,45136,,,
2011,Births by any mention race and ethnicity,NH/PI,461,45136,,,
2011,Births by any mention race and ethnicity,Other/not stated ,2137,45136,,,
2011,Births by any mention race and ethnicity,White,39004,45136,,,
2011,Births by reported tobacco use and mother's age,Age not stated,0,1,,,
2011,Births by reported tobacco use and mother's age,Ages <20,556,3130,,,
2011,Births by reported tobacco use and mother's age,Ages 20-24,1737,9825,,,
2011,Births by reported tobacco use and mother's age,Ages 25-29,1388,13115,,,
2011,Births by reported tobacco use and mother's age,Ages 30-34,766,11779,,,
2011,Births by reported tobacco use and mother's age,Ages 35-39,283,5618,,,
2011,Births by reported tobacco use and mother's age,Ages 40+,65,1299,,,
2011,Births by reported tobacco use and mother's age,All ages,4795,44767,,,
2011,Births by single mention race and ethnicity,AI/AN,535,45136,,,
2011,Births by single mention race and ethnicity,Asian,2114,45136,,,
2011,Births by single mention race and ethnicity,Black  ,941,45136,,,
2011,Births by single mention race and ethnicity,Hispanic,8717,45136,,,
2011,Births by single mention race and ethnicity,Multiple races,1384,45136,,,
2011,Births by single mention race and ethnicity,NH/PI,277,45136,,,
2011,Births by single mention race and ethnicity,Other/not stated ,192,45136,,,
2011,Births by single mention race and ethnicity,White,30976,45136,,,
2011,Births by trimester of first prenatal care visit,First trimester,34342,44665,,,
2011,Births by trimester of first prenatal care visit,No prenatal care,311,44665,,,
2011,Births by trimester of first prenatal care visit,Second trimester,8351,44665,,,
2011,Births by trimester of first prenatal care visit,Third trimester,1661,44665,,,
2011,Births to unmarried mothers by age,Age not stated,1,1,,,
2011,Births to unmarried mothers by age,Ages <15,20,20,,,
2011,Births to unmarried mothers by age,Ages 15-19,2689,3129,,,
2011,Births to unmarried mothers by age,Ages 20-24,5689,9840,,,
2011,Births to unmarried mothers by age,Ages 25-29,3946,13201,,,
2011,Births to unmarried mothers by age,Ages 30-34,2299,11862,,,
2011,Births to unmarried mothers by age,Ages 35-39,1036,5672,,,
2011,Births to unmarried mothers by age,Ages 40-44,277,1240,,,
2011,Births to unmarried mothers by age,Ages 45+,14,73,,,
2011,Births to unmarried mothers by age,All ages,15971,45038,,,
2011,Births to unmarried mothers by any race/ethnicity,AI/AN,860,1437,,,
2011,Births to unmarried mothers by any race/ethnicity,Asian,455,2596,,,
2011,Births to unmarried mothers by any race/ethnicity,Black  ,828,1338,,,
2011,Births to unmarried mothers by any race/ethnicity,Hispanic,4321,8707,,,
2011,Births to unmarried mothers by any race/ethnicity,NH/PI,224,461,,,
2011,Births to unmarried mothers by any race/ethnicity,Other/not stated ,975,2130,,,
2011,Births to unmarried mothers by any race/ethnicity,White,13557,38919,,,
2011,Births to unmarried mothers by single race/ethnicity,AI/AN,356,533,,,
2011,Births to unmarried mothers by single race/ethnicity,Asian,294,2110,,,
2011,Births to unmarried mothers by single race/ethnicity,Black  ,554,941,,,
2011,Births to unmarried mothers by single race/ethnicity,Hispanic,4321,8707,,,
2011,Births to unmarried mothers by single race/ethnicity,Multiple races,684,1380,,,
2011,Births to unmarried mothers by single race/ethnicity,NH/PI,132,277,,,
2011,Births to unmarried mothers by single race/ethnicity,Other/not stated ,39,187,,,
2011,Births to unmarried mothers by single race/ethnicity,White,9591,30903,,,
2011,Fertility rates,General fertility rate,45040,45136,760012,59.3,
2011,Fertility rates,Total fertility rate,,,,"1,757.60",
2011,Low birthweight infants,<1500 grams,448,45129,,,
2011,Low birthweight infants,1500-2499 grams,2321,45129,,,
2011,Low birthweight infants,Total low birthweight,2769,45129,,,
2011,Pregnancy rates by age group,Ages 10-19,4391,,241975,18.1,
2011,Pregnancy rates by age group,Ages 20-24,12727,,124789,102,
2011,Pregnancy rates by age group,Ages 25-29,15412,,132127,116.6,
2011,Pregnancy rates by age group,Ages 30-34,13297,,129509,102.7,
2011,Pregnancy rates by age group,Ages 35-39,6480,,125627,51.6,
2011,Pregnancy rates by age group,Ages 40-44,1576,,124153,12.7,
2011,Pregnancy rates of teens ages 15-19,Ages 15-17,1243,,72806,17.1,
2011,Pregnancy rates of teens ages 15-19,Ages 15-19,4349,,123807,35.1,
2011,Pregnancy rates of teens ages 15-19,Ages 18-19,3106,,51001,60.9,
2011,Pregnancy rates of young teens ages 10-17,Ages 10-14,42,,118168,0.4,
2011,Pregnancy rates of young teens ages 10-17,Ages 10-17,1285,,190974,6.7,
2011,Total occurrence births & abortions,Abortion ratio,,,,,212
2011,Total occurrence births & abortions,Occurrence abortions,9567,,,,
2011,Total occurrence births & abortions,Occurrence births,45136,,,,
2011,Total resident births & pregnancies,Resident births,45136,,,,
2011,Total resident births & pregnancies,Resident pregnancies,54042,,,,
2012,Birth rates by age of mother,Ages 15-19,2849,45059,123478,23.1,
2012,Birth rates by age of mother,Ages 20-24,9693,45059,124746,77.7,
2012,Birth rates by age of mother,Ages 25-29,12999,45059,132498,98.1,
2012,Birth rates by age of mother,Ages 30-34,12158,45059,130532,93.1,
2012,Birth rates by age of mother,Ages 35-39,5956,45059,127275,46.8,
2012,Birth rates by age of mother,Ages 40-44,1287,45059,125194,10.3,
2012,Births by adequacy of prenatal care,Adequate care,40829,43136,,,
2012,Births by adequacy of prenatal care,Inadequate care,2307,43136,,,
2012,Births by age of mother,Age not stated,1,45059,,,
2012,Births by age of mother,Ages <15,33,45059,,,
2012,Births by age of mother,Ages 15-19,2849,45059,,,
2012,Births by age of mother,Ages 20-24,9693,45059,,,
2012,Births by age of mother,Ages 25-29,12999,45059,,,
2012,Births by age of mother,Ages 30-34,12158,45059,,,
2012,Births by age of mother,Ages 35-39,5956,45059,,,
2012,Births by age of mother,Ages 40-44,1287,45059,,,
2012,Births by age of mother,Ages 45+,83,45059,,,
2012,Births by any mention race and ethnicity,AI/AN,1440,45059,,,
2012,Births by any mention race and ethnicity,Asian,2696,45059,,,
2012,Births by any mention race and ethnicity,Black  ,1383,45059,,,
2012,Births by any mention race and ethnicity,Hispanic,8521,45059,,,
2012,Births by any mention race and ethnicity,NH/PI,493,45059,,,
2012,Births by any mention race and ethnicity,Other/not stated ,2319,45059,,,
2012,Births by any mention race and ethnicity,White,38740,45059,,,
2012,Births by reported tobacco use and mother's age,Age not stated,0,1,,,
2012,Births by reported tobacco use and mother's age,Ages <20,507,2862,,,
2012,Births by reported tobacco use and mother's age,Ages 20-24,1794,9626,,,
2012,Births by reported tobacco use and mother's age,Ages 25-29,1320,12920,,,
2012,Births by reported tobacco use and mother's age,Ages 30-34,749,12085,,,
2012,Births by reported tobacco use and mother's age,Ages 35-39,302,5901,,,
2012,Births by reported tobacco use and mother's age,Ages 40+,58,1353,,,
2012,Births by reported tobacco use and mother's age,All ages,4730,44748,,,
2012,Births by single mention race and ethnicity,AI/AN,521,45059,,,
2012,Births by single mention race and ethnicity,Asian,2161,45059,,,
2012,Births by single mention race and ethnicity,Black  ,911,45059,,,
2012,Births by single mention race and ethnicity,Hispanic,8521,45059,,,
2012,Births by single mention race and ethnicity,Multiple races,1427,45059,,,
2012,Births by single mention race and ethnicity,NH/PI,299,45059,,,
2012,Births by single mention race and ethnicity,Other/not stated ,185,45059,,,
2012,Births by single mention race and ethnicity,White,31034,45059,,,
2012,Births by trimester of first prenatal care visit,First trimester,34558,44312,,,
2012,Births by trimester of first prenatal care visit,No prenatal care,294,44312,,,
2012,Births by trimester of first prenatal care visit,Second trimester,7902,44312,,,
2012,Births by trimester of first prenatal care visit,Third trimester,1558,44312,,,
2012,Births to unmarried mothers by age,Ages <15,33,33,,,
2012,Births to unmarried mothers by age,Ages 15-19,2436,2840,,,
2012,Births to unmarried mothers by age,Ages 20-24,5679,9657,,,
2012,Births to unmarried mothers by age,Ages 25-29,3958,12968,,,
2012,Births to unmarried mothers by age,Ages 30-34,2303,12134,,,
2012,Births to unmarried mothers by age,Ages 35-39,1118,5942,,,
2012,Births to unmarried mothers by age,Ages 40-44,275,1285,,,
2012,Births to unmarried mothers by age,Ages 45+,21,83,,,
2012,Births to unmarried mothers by age,All ages,15823,44942,,,
2012,Births to unmarried mothers by any race/ethnicity,AI/AN,860,1429,,,
2012,Births to unmarried mothers by any race/ethnicity,Asian,469,2690,,,
2012,Births to unmarried mothers by any race/ethnicity,Black  ,853,1381,,,
2012,Births to unmarried mothers by any race/ethnicity,Hispanic,4179,8509,,,
2012,Births to unmarried mothers by any race/ethnicity,NH/PI,259,493,,,
2012,Births to unmarried mothers by any race/ethnicity,Other/not stated ,1097,2311,,,
2012,Births to unmarried mothers by any race/ethnicity,White,13358,38637,,,
2012,Births to unmarried mothers by single race/ethnicity,AI/AN,325,519,,,
2012,Births to unmarried mothers by single race/ethnicity,Asian,260,2157,,,
2012,Births to unmarried mothers by single race/ethnicity,Black  ,525,910,,,
2012,Births to unmarried mothers by single race/ethnicity,Hispanic,4179,8509,,,
2012,Births to unmarried mothers by single race/ethnicity,Multiple races,728,1416,,,
2012,Births to unmarried mothers by single race/ethnicity,NH/PI,159,299,,,
2012,Births to unmarried mothers by single race/ethnicity,Other/not stated ,60,179,,,
2012,Births to unmarried mothers by single race/ethnicity,White,9587,30953,,,
2012,Fertility rates,General fertility rate,44942,45059,763723,58.8,
2012,Fertility rates,Total fertility rate,,,,"1,745.50",
2012,Low birthweight infants,<1500 grams,444,45046,,,
2012,Low birthweight infants,1500-2499 grams,2334,45046,,,
2012,Low birthweight infants,Total low birthweight,2778,45046,,,
2012,Pregnancy rates by age group,Ages 10-19,3948,,241530,16.3,
2012,Pregnancy rates by age group,Ages 20-24,12406,,124746,99.5,
2012,Pregnancy rates by age group,Ages 25-29,15092,,132498,113.9,
2012,Pregnancy rates by age group,Ages 30-34,13519,,130532,103.6,
2012,Pregnancy rates by age group,Ages 35-39,6749,,127275,53,
2012,Pregnancy rates by age group,Ages 40-44,1585,,125194,12.7,
2012,Pregnancy rates of teens ages 15-19,Ages 15-17,1133,,72465,15.6,
2012,Pregnancy rates of teens ages 15-19,Ages 15-19,3885,,123478,31.5,
2012,Pregnancy rates of teens ages 15-19,Ages 18-19,2752,,51013,53.9,
2012,Pregnancy rates of young teens ages 10-17,Ages 10-14,63,,118052,0.5,
2012,Pregnancy rates of young teens ages 10-17,Ages 10-17,1196,,190517,6.3,
2012,Total occurrence births & abortions,Abortion ratio,,,,,197.9
2012,Total occurrence births & abortions,Occurrence abortions,9016,,,,
2012,Total occurrence births & abortions,Occurrence births,45566,,,,
2012,Total resident births & pregnancies,Resident births,45059,,,,
2012,Total resident births & pregnancies,Resident pregnancies,53460,,,,
2013,Birth rates by age of mother,Ages 15-19,2595,45136,123217,21.1,
2013,Birth rates by age of mother,Ages 20-24,9507,45136,125087,76,
2013,Birth rates by age of mother,Ages 25-29,12978,45136,133359,97.3,
2013,Birth rates by age of mother,Ages 30-34,12646,45136,131599,96.1,
2013,Birth rates by age of mother,Ages 35-39,6015,45136,128989,46.6,
2013,Birth rates by age of mother,Ages 40-44,1282,45136,126300,10.2,
2013,Births by adequacy of prenatal care,Adequate care,41083,43547,,,
2013,Births by adequacy of prenatal care,Inadequate care,2464,43547,,,
2013,Births by age of mother,Ages <15,15,45136,,,
2013,Births by age of mother,Ages 15-19,2595,45136,,,
2013,Births by age of mother,Ages 20-24,9507,45136,,,
2013,Births by age of mother,Ages 25-29,12978,45136,,,
2013,Births by age of mother,Ages 30-34,12646,45136,,,
2013,Births by age of mother,Ages 35-39,6015,45136,,,
2013,Births by age of mother,Ages 40-44,1282,45136,,,
2013,Births by age of mother,Ages 45+,94,45136,,,
2013,Births by any mention race and ethnicity,AI/AN,1463,45136,,,
2013,Births by any mention race and ethnicity,Asian,2668,45136,,,
2013,Births by any mention race and ethnicity,Black  ,1387,45136,,,
2013,Births by any mention race and ethnicity,Hispanic,8440,45136,,,
2013,Births by any mention race and ethnicity,NH/PI,458,45136,,,
2013,Births by any mention race and ethnicity,Other/not stated ,2232,45136,,,
2013,Births by any mention race and ethnicity,White,38881,45136,,,
2013,Births by reported tobacco use and mother's age,Ages <20,422,2601,,,
2013,Births by reported tobacco use and mother's age,Ages 20-24,1661,9454,,,
2013,Births by reported tobacco use and mother's age,Ages 25-29,1331,12927,,,
2013,Births by reported tobacco use and mother's age,Ages 30-34,818,12571,,,
2013,Births by reported tobacco use and mother's age,Ages 35-39,293,5984,,,
2013,Births by reported tobacco use and mother's age,Ages 40+,60,1365,,,
2013,Births by reported tobacco use and mother's age,All ages,4585,44902,,,
2013,Births by single mention race and ethnicity,AI/AN,560,45136,,,
2013,Births by single mention race and ethnicity,Asian,2124,45136,,,
2013,Births by single mention race and ethnicity,Black  ,929,45136,,,
2013,Births by single mention race and ethnicity,Hispanic,8440,45136,,,
2013,Births by single mention race and ethnicity,Multiple races,1428,45136,,,
2013,Births by single mention race and ethnicity,NH/PI,294,45136,,,
2013,Births by single mention race and ethnicity,Other/not stated ,171,45136,,,
2013,Births by single mention race and ethnicity,White,31190,45136,,,
2013,Births by trimester of first prenatal care visit,First trimester,34585,44422,,,
2013,Births by trimester of first prenatal care visit,No prenatal care,290,44422,,,
2013,Births by trimester of first prenatal care visit,Second trimester,7932,44422,,,
2013,Births by trimester of first prenatal care visit,Third trimester,1615,44422,,,
2013,Births to unmarried mothers by age,Ages <15,15,15,,,
2013,Births to unmarried mothers by age,Ages 15-19,2247,2592,,,
2013,Births to unmarried mothers by age,Ages 20-24,5757,9474,,,
2013,Births to unmarried mothers by age,Ages 25-29,4034,12937,,,
2013,Births to unmarried mothers by age,Ages 30-34,2495,12620,,,
2013,Births to unmarried mothers by age,Ages 35-39,1161,6000,,,
2013,Births to unmarried mothers by age,Ages 40-44,313,1281,,,
2013,Births to unmarried mothers by age,Ages 45+,23,93,,,
2013,Births to unmarried mothers by age,All ages,16046,45014,,,
2013,Births to unmarried mothers by any race/ethnicity,AI/AN,878,1453,,,
2013,Births to unmarried mothers by any race/ethnicity,Asian,461,2663,,,
2013,Births to unmarried mothers by any race/ethnicity,Black  ,843,1385,,,
2013,Births to unmarried mothers by any race/ethnicity,Hispanic,4146,8420,,,
2013,Births to unmarried mothers by any race/ethnicity,NH/PI,221,458,,,
2013,Births to unmarried mothers by any race/ethnicity,Other/not stated ,1063,2212,,,
2013,Births to unmarried mothers by any race/ethnicity,White,13566,38788,,,
2013,Births to unmarried mothers by single race/ethnicity,AI/AN,366,556,,,
2013,Births to unmarried mothers by single race/ethnicity,Asian,284,2121,,,
2013,Births to unmarried mothers by single race/ethnicity,Black  ,541,927,,,
2013,Births to unmarried mothers by single race/ethnicity,Hispanic,4146,8420,,,
2013,Births to unmarried mothers by single race/ethnicity,Multiple races,699,1421,,,
2013,Births to unmarried mothers by single race/ethnicity,NH/PI,145,294,,,
2013,Births to unmarried mothers by single race/ethnicity,Other/not stated ,55,159,,,
2013,Births to unmarried mothers by single race/ethnicity,White,9810,31116,,,
2013,Fertility rates,General fertility rate,45023,45136,768551,58.6,
2013,Fertility rates,Total fertility rate,,,,"1,736.30",
2013,Low birthweight infants,<1500 grams,448,45130,,,
2013,Low birthweight infants,1500-2499 grams,2397,45130,,,
2013,Low birthweight infants,Total low birthweight,2845,45130,,,
2013,Pregnancy rates by age group,Ages 10-19,3537,,241238,14.7,
2013,Pregnancy rates by age group,Ages 20-24,11905,,125087,95.2,
2013,Pregnancy rates by age group,Ages 25-29,14996,,133359,112.4,
2013,Pregnancy rates by age group,Ages 30-34,13962,,131599,106.1,
2013,Pregnancy rates by age group,Ages 35-39,6733,,128989,52.2,
2013,Pregnancy rates by age group,Ages 40-44,1545,,126300,12.2,
2013,Pregnancy rates of teens ages 15-19,Ages 15-17,1002,,72179,13.9,
2013,Pregnancy rates of teens ages 15-19,Ages 15-19,3504,,123217,28.4,
2013,Pregnancy rates of teens ages 15-19,Ages 18-19,2502,,51038,49,
2013,Pregnancy rates of young teens ages 10-17,Ages 10-14,33,,118021,0.3,
2013,Pregnancy rates of young teens ages 10-17,Ages 10-17,1035,,190200,5.4,
2013,Total occurrence births & abortions,Abortion ratio,,,,,181.8
2013,Total occurrence births & abortions,Occurrence abortions,8287,,,,
2013,Total occurrence births & abortions,Occurrence births,45591,,,,
2013,Total resident births & pregnancies,Resident births,45136,,,,
2013,Total resident births & pregnancies,Resident pregnancies,52879,,,,
2014,Birth rates by age of mother,Ages 15-19,2392,45557,123213,19.4,
2014,Birth rates by age of mother,Ages 20-24,9264,45557,125611,73.8,
2014,Birth rates by age of mother,Ages 25-29,13167,45557,134378,98,
2014,Birth rates by age of mother,Ages 30-34,12996,45557,133136,97.6,
2014,Birth rates by age of mother,Ages 35-39,6275,45557,131181,47.8,
2014,Birth rates by age of mother,Ages 40-44,1340,45557,127859,10.5,
2014,Births by adequacy of prenatal care,Adequate care,42048,44740,,,
2014,Births by adequacy of prenatal care,Inadequate care,2692,44740,,,
2014,Births by age of mother,Age not stated,3,45557,,,
2014,Births by age of mother,Ages <15,20,45557,,,
2014,Births by age of mother,Ages 15-19,2392,45557,,,
2014,Births by age of mother,Ages 20-24,9264,45557,,,
2014,Births by age of mother,Ages 25-29,13167,45557,,,
2014,Births by age of mother,Ages 30-34,12996,45557,,,
2014,Births by age of mother,Ages 35-39,6275,45557,,,
2014,Births by age of mother,Ages 40-44,1340,45557,,,
2014,Births by age of mother,Ages 45+,100,45557,,,
2014,Births by any mention race and ethnicity,AI/AN,1789,45557,,,
2014,Births by any mention race and ethnicity,Asian,2786,45557,,,
2014,Births by any mention race and ethnicity,Black  ,1446,45557,,,
2014,Births by any mention race and ethnicity,Hispanic,8519,45557,,,
2014,Births by any mention race and ethnicity,NH/PI,496,45557,,,
2014,Births by any mention race and ethnicity,Other/not stated ,2169,45557,,,
2014,Births by any mention race and ethnicity,White,39384,45557,,,
2014,Births by reported tobacco use and mother's age,Age not stated,0,1,,,
2014,Births by reported tobacco use and mother's age,Ages <20,403,2404,,,
2014,Births by reported tobacco use and mother's age,Ages 20-24,1600,9234,,,
2014,Births by reported tobacco use and mother's age,Ages 25-29,1448,13131,,,
2014,Births by reported tobacco use and mother's age,Ages 30-34,870,12953,,,
2014,Births by reported tobacco use and mother's age,Ages 35-39,320,6253,,,
2014,Births by reported tobacco use and mother's age,Ages 40+,68,1433,,,
2014,Births by reported tobacco use and mother's age,All ages,4709,45409,,,
2014,Births by single mention race and ethnicity,AI/AN,434,45557,,,
2014,Births by single mention race and ethnicity,Asian,2164,45557,,,
2014,Births by single mention race and ethnicity,Black  ,949,45557,,,
2014,Births by single mention race and ethnicity,Hispanic,8519,45557,,,
2014,Births by single mention race and ethnicity,Multiple races,1890,45557,,,
2014,Births by single mention race and ethnicity,NH/PI,304,45557,,,
2014,Births by single mention race and ethnicity,Other/not stated ,157,45557,,,
2014,Births by single mention race and ethnicity,White,31140,45557,,,
2014,Births by trimester of first prenatal care visit,First trimester,35021,45212,,,
2014,Births by trimester of first prenatal care visit,No prenatal care,336,45212,,,
2014,Births by trimester of first prenatal care visit,Second trimester,8033,45212,,,
2014,Births by trimester of first prenatal care visit,Third trimester,1822,45212,,,
2014,Births to unmarried mothers by age,Age not stated,0,2,,,
2014,Births to unmarried mothers by age,Ages <15,20,20,,,
2014,Births to unmarried mothers by age,Ages 15-19,2061,2390,,,
2014,Births to unmarried mothers by age,Ages 20-24,5617,9243,,,
2014,Births to unmarried mothers by age,Ages 25-29,4395,13140,,,
2014,Births to unmarried mothers by age,Ages 30-34,2655,12972,,,
2014,Births to unmarried mothers by age,Ages 35-39,1255,6264,,,
2014,Births to unmarried mothers by age,Ages 40-44,329,1339,,,
2014,Births to unmarried mothers by age,Ages 45+,17,100,,,
2014,Births to unmarried mothers by age,All ages,16349,45470,,,
2014,Births to unmarried mothers by any race/ethnicity,AI/AN,1078,1784,,,
2014,Births to unmarried mothers by any race/ethnicity,Asian,516,2779,,,
2014,Births to unmarried mothers by any race/ethnicity,Black  ,850,1445,,,
2014,Births to unmarried mothers by any race/ethnicity,Hispanic,4313,8510,,,
2014,Births to unmarried mothers by any race/ethnicity,NH/PI,255,495,,,
2014,Births to unmarried mothers by any race/ethnicity,Other/not stated ,1069,2158,,,
2014,Births to unmarried mothers by any race/ethnicity,White,13930,39317,,,
2014,Births to unmarried mothers by single race/ethnicity,AI/AN,269,433,,,
2014,Births to unmarried mothers by single race/ethnicity,Asian,284,2158,,,
2014,Births to unmarried mothers by single race/ethnicity,Black  ,513,948,,,
2014,Births to unmarried mothers by single race/ethnicity,Hispanic,4313,8510,,,
2014,Births to unmarried mothers by single race/ethnicity,Multiple races,969,1886,,,
2014,Births to unmarried mothers by single race/ethnicity,NH/PI,154,303,,,
2014,Births to unmarried mothers by single race/ethnicity,Other/not stated ,51,150,,,
2014,Births to unmarried mothers by single race/ethnicity,White,9796,31082,,,
2014,Fertility rates,General fertility rate,45434,45557,775378,58.6,
2014,Fertility rates,Total fertility rate,,,,"1,735.40",
2014,Low birthweight infants,<1500 grams,460,45546,,,
2014,Low birthweight infants,1500-2499 grams,2387,45546,,,
2014,Low birthweight infants,Total low birthweight,2847,45546,,,
2014,Pregnancy rates by age group,Ages 10-19,3253,,241345,13.5,
2014,Pregnancy rates by age group,Ages 20-24,11558,,125611,92,
2014,Pregnancy rates by age group,Ages 25-29,15157,,134378,112.8,
2014,Pregnancy rates by age group,Ages 30-34,14298,,133136,107.4,
2014,Pregnancy rates by age group,Ages 35-39,7020,,131181,53.5,
2014,Pregnancy rates by age group,Ages 40-44,1627,,127859,12.7,
2014,Pregnancy rates of teens ages 15-19,Ages 15-17,889,,71981,12.4,
2014,Pregnancy rates of teens ages 15-19,Ages 15-19,3213,,123213,26.1,
2014,Pregnancy rates of teens ages 15-19,Ages 18-19,2324,,51232,45.4,
2014,Pregnancy rates of young teens ages 10-17,Ages 10-14,40,,118132,0.3,
2014,Pregnancy rates of young teens ages 10-17,Ages 10-17,929,,190113,4.9,
2014,Total occurrence births & abortions,Abortion ratio,,,,,178.5
2014,Total occurrence births & abortions,Occurrence abortions,8231,,,,
2014,Total occurrence births & abortions,Occurrence births,46100,,,,
2014,Total resident births & pregnancies,Resident births,45557,,,,
2014,Total resident births & pregnancies,Resident pregnancies,53241,,,,
2015,Birth rates by age of mother,Ages 15-19,2289,45656,123475,18.5,
2015,Birth rates by age of mother,Ages 20-24,8887,45656,126672,70.2,
2015,Birth rates by age of mother,Ages 25-29,13279,45656,135977,97.7,
2015,Birth rates by age of mother,Ages 30-34,13102,45656,135254,96.9,
2015,Birth rates by age of mother,Ages 35-39,6637,45656,133965,49.5,
2015,Birth rates by age of mother,Ages 40-44,1343,45656,129979,10.3,
2015,Births by adequacy of prenatal care,Adequate care,42471,45048,,,
2015,Births by adequacy of prenatal care,Inadequate care,2577,45048,,,
2015,Births by age of mother,Age not stated,1,45656,,,
2015,Births by age of mother,Ages <15,15,45656,,,
2015,Births by age of mother,Ages 15-19,2289,45656,,,
2015,Births by age of mother,Ages 20-24,8887,45656,,,
2015,Births by age of mother,Ages 25-29,13279,45656,,,
2015,Births by age of mother,Ages 30-34,13102,45656,,,
2015,Births by age of mother,Ages 35-39,6637,45656,,,
2015,Births by age of mother,Ages 40-44,1343,45656,,,
2015,Births by age of mother,Ages 45+,102,45656,,,
2015,Births by any mention race and ethnicity,AI/AN,1477,45656,,,
2015,Births by any mention race and ethnicity,Asian,2917,45656,,,
2015,Births by any mention race and ethnicity,Black  ,1608,45656,,,
2015,Births by any mention race and ethnicity,Hispanic,8508,45656,,,
2015,Births by any mention race and ethnicity,NH/PI,461,45656,,,
2015,Births by any mention race and ethnicity,Other/not stated ,1892,45656,,,
2015,Births by any mention race and ethnicity,White,39590,45656,,,
2015,Births by reported tobacco use and mother's age,Ages <20,342,2295,,,
2015,Births by reported tobacco use and mother's age,Ages 20-24,1510,8860,,,
2015,Births by reported tobacco use and mother's age,Ages 25-29,1451,13238,,,
2015,Births by reported tobacco use and mother's age,Ages 30-34,863,13069,,,
2015,Births by reported tobacco use and mother's age,Ages 35-39,314,6617,,,
2015,Births by reported tobacco use and mother's age,Ages 40+,67,1438,,,
2015,Births by reported tobacco use and mother's age,All ages,4547,45517,,,
2015,Births by single mention race and ethnicity,AI/AN,462,45656,,,
2015,Births by single mention race and ethnicity,Asian,2291,45656,,,
2015,Births by single mention race and ethnicity,Black  ,1029,45656,,,
2015,Births by single mention race and ethnicity,Hispanic,8508,45656,,,
2015,Births by single mention race and ethnicity,Multiple races,1695,45656,,,
2015,Births by single mention race and ethnicity,NH/PI,282,45656,,,
2015,Births by single mention race and ethnicity,Other/not stated ,143,45656,,,
2015,Births by single mention race and ethnicity,White,31246,45656,,,
2015,Births by trimester of first prenatal care visit,First trimester,35808,45354,,,
2015,Births by trimester of first prenatal care visit,No prenatal care,326,45354,,,
2015,Births by trimester of first prenatal care visit,Second trimester,7501,45354,,,
2015,Births by trimester of first prenatal care visit,Third trimester,1719,45354,,,
2015,Births to unmarried mothers by age,Ages <15,15,15,,,
2015,Births to unmarried mothers by age,Ages 15-19,1977,2287,,,
2015,Births to unmarried mothers by age,Ages 20-24,5385,8857,,,
2015,Births to unmarried mothers by age,Ages 25-29,4552,13255,,,
2015,Births to unmarried mothers by age,Ages 30-34,2706,13072,,,
2015,Births to unmarried mothers by age,Ages 35-39,1368,6627,,,
2015,Births to unmarried mothers by age,Ages 40-44,352,1341,,,
2015,Births to unmarried mothers by age,Ages 45+,25,101,,,
2015,Births to unmarried mothers by age,All ages,16380,45556,,,
2015,Births to unmarried mothers by any race/ethnicity,AI/AN,874,1471,,,
2015,Births to unmarried mothers by any race/ethnicity,Asian,495,2913,,,
2015,Births to unmarried mothers by any race/ethnicity,Black  ,938,1604,,,
2015,Births to unmarried mothers by any race/ethnicity,Hispanic,4224,8492,,,
2015,Births to unmarried mothers by any race/ethnicity,NH/PI,226,460,,,
2015,Births to unmarried mothers by any race/ethnicity,Other/not stated ,926,1883,,,
2015,Births to unmarried mothers by any race/ethnicity,White,14104,39505,,,
2015,Births to unmarried mothers by single race/ethnicity,AI/AN,287,461,,,
2015,Births to unmarried mothers by single race/ethnicity,Asian,288,2289,,,
2015,Births to unmarried mothers by single race/ethnicity,Black  ,548,1027,,,
2015,Births to unmarried mothers by single race/ethnicity,Hispanic,4224,8492,,,
2015,Births to unmarried mothers by single race/ethnicity,Multiple races,839,1688,,,
2015,Births to unmarried mothers by single race/ethnicity,NH/PI,149,281,,,
2015,Births to unmarried mothers by single race/ethnicity,Other/not stated ,46,138,,,
2015,Births to unmarried mothers by single race/ethnicity,White,9999,31180,,,
2015,Fertility rates,General fertility rate,45537,45656,785322,58,
2015,Fertility rates,Total fertility rate,,,,"1,715.50",
2015,Low birthweight infants,<1500 grams,465,45646,,,
2015,Low birthweight infants,1500-2499 grams,2466,45646,,,
2015,Low birthweight infants,Total low birthweight,2931,45646,,,
2015,Pregnancy rates by age group,Ages 10-19,3139,,241804,13,
2015,Pregnancy rates by age group,Ages 20-24,11257,,126672,88.9,
2015,Pregnancy rates by age group,Ages 25-29,15369,,135977,113,
2015,Pregnancy rates by age group,Ages 30-34,14525,,135254,107.4,
2015,Pregnancy rates by age group,Ages 35-39,7432,,133965,55.5,
2015,Pregnancy rates by age group,Ages 40-44,1628,,129979,12.5,
2015,Pregnancy rates of teens ages 15-19,Ages 15-17,804,,71835,11.2,
2015,Pregnancy rates of teens ages 15-19,Ages 15-19,3104,,123475,25.1,
2015,Pregnancy rates of teens ages 15-19,Ages 18-19,2300,,51640,44.5,
2015,Pregnancy rates of young teens ages 10-17,Ages 10-14,35,,118329,0.3,
2015,Pregnancy rates of young teens ages 10-17,Ages 10-17,839,,190164,4.4,
2015,Total occurrence births & abortions,Abortion ratio,,,,,186.8
2015,Total occurrence births & abortions,Occurrence abortions,8610,,,,
2015,Total occurrence births & abortions,Occurrence births,46102,,,,
2015,Total resident births & pregnancies,Resident births,45656,,,,
2015,Total resident births & pregnancies,Resident pregnancies,53483,,,,
2016,Birth rates by age of mother,Ages 15-19,2008,45533,123924,16.2,
2016,Birth rates by age of mother,Ages 20-24,8386,45533,128121,65.5,
2016,Birth rates by age of mother,Ages 25-29,13389,45533,138025,97,
2016,Birth rates by age of mother,Ages 30-34,13255,45533,137832,96.2,
2016,Birth rates by age of mother,Ages 35-39,6924,45533,137244,50.5,
2016,Birth rates by age of mother,Ages 40-44,1468,45533,132562,11.1,
2016,Births by adequacy of prenatal care,Adequate care,42295,45018,,,
2016,Births by adequacy of prenatal care,Inadequate care,2723,45018,,,
2016,Births by age of mother,Age not stated,1,45533,,,
2016,Births by age of mother,Ages <15,10,45533,,,
2016,Births by age of mother,Ages 15-19,2008,45533,,,
2016,Births by age of mother,Ages 20-24,8386,45533,,,
2016,Births by age of mother,Ages 25-29,13389,45533,,,
2016,Births by age of mother,Ages 30-34,13255,45533,,,
2016,Births by age of mother,Ages 35-39,6924,45533,,,
2016,Births by age of mother,Ages 40-44,1468,45533,,,
2016,Births by age of mother,Ages 45+,92,45533,,,
2016,Births by any mention race and ethnicity,AI/AN,1506,45533,,,
2016,Births by any mention race and ethnicity,Asian,2967,45533,,,
2016,Births by any mention race and ethnicity,Black  ,1571,45533,,,
2016,Births by any mention race and ethnicity,Hispanic,8456,45533,,,
2016,Births by any mention race and ethnicity,NH/PI,508,45533,,,
2016,Births by any mention race and ethnicity,Other/not stated ,2251,45533,,,
2016,Births by any mention race and ethnicity,White,39090,45533,,,
2016,Births by reported tobacco use and mother's age,Age not stated,1,1,,,
2016,Births by reported tobacco use and mother's age,Ages <20,300,2015,,,
2016,Births by reported tobacco use and mother's age,Ages 20-24,1280,8355,,,
2016,Births by reported tobacco use and mother's age,Ages 25-29,1412,13356,,,
2016,Births by reported tobacco use and mother's age,Ages 30-34,873,13226,,,
2016,Births by reported tobacco use and mother's age,Ages 35-39,400,6909,,,
2016,Births by reported tobacco use and mother's age,Ages 40+,71,1551,,,
2016,Births by reported tobacco use and mother's age,All ages,4337,45413,,,
2016,Births by single mention race and ethnicity,AI/AN,433,45533,,,
2016,Births by single mention race and ethnicity,Asian,2356,45533,,,
2016,Births by single mention race and ethnicity,Black  ,945,45533,,,
2016,Births by single mention race and ethnicity,Hispanic,8456,45533,,,
2016,Births by single mention race and ethnicity,Multiple races,1699,45533,,,
2016,Births by single mention race and ethnicity,NH/PI,320,45533,,,
2016,Births by single mention race and ethnicity,Other/not stated ,194,45533,,,
2016,Births by single mention race and ethnicity,White,31130,45533,,,
2016,Births by trimester of first prenatal care visit,First trimester,36051,45207,,,
2016,Births by trimester of first prenatal care visit,No prenatal care,378,45207,,,
2016,Births by trimester of first prenatal care visit,Second trimester,7002,45207,,,
2016,Births by trimester of first prenatal care visit,Third trimester,1776,45207,,,
2016,Births to unmarried mothers by age,Age not stated,1,1,,,
2016,Births to unmarried mothers by age,Ages <15,10,10,,,
2016,Births to unmarried mothers by age,Ages 15-19,1709,1999,,,
2016,Births to unmarried mothers by age,Ages 20-24,5141,8359,,,
2016,Births to unmarried mothers by age,Ages 25-29,4688,13360,,,
2016,Births to unmarried mothers by age,Ages 30-34,2783,13224,,,
2016,Births to unmarried mothers by age,Ages 35-39,1443,6909,,,
2016,Births to unmarried mothers by age,Ages 40-44,422,1468,,,
2016,Births to unmarried mothers by age,Ages 45+,24,90,,,
2016,Births to unmarried mothers by age,All ages,16221,45420,,,
2016,Births to unmarried mothers by any race/ethnicity,AI/AN,882,1502,,,
2016,Births to unmarried mothers by any race/ethnicity,Asian,476,2959,,,
2016,Births to unmarried mothers by any race/ethnicity,Black  ,924,1565,,,
2016,Births to unmarried mothers by any race/ethnicity,Hispanic,4201,8438,,,
2016,Births to unmarried mothers by any race/ethnicity,NH/PI,247,505,,,
2016,Births to unmarried mothers by any race/ethnicity,Other/not stated ,1118,2228,,,
2016,Births to unmarried mothers by any race/ethnicity,White,13767,39014,,,
2016,Births to unmarried mothers by single race/ethnicity,AI/AN,273,432,,,
2016,Births to unmarried mothers by single race/ethnicity,Asian,289,2349,,,
2016,Births to unmarried mothers by single race/ethnicity,Black  ,522,942,,,
2016,Births to unmarried mothers by single race/ethnicity,Hispanic,4201,8438,,,
2016,Births to unmarried mothers by single race/ethnicity,Multiple races,830,1696,,,
2016,Births to unmarried mothers by single race/ethnicity,NH/PI,159,317,,,
2016,Births to unmarried mothers by single race/ethnicity,Other/not stated ,72,180,,,
2016,Births to unmarried mothers by single race/ethnicity,White,9875,31066,,,
2016,Fertility rates,General fertility rate,45430,45533,797708,57,
2016,Fertility rates,Total fertility rate,,,,"1,681.80",
2016,Low birthweight infants,<1500 grams,441,45524,,,
2016,Low birthweight infants,1500-2499 grams,2539,45524,,,
2016,Low birthweight infants,Total low birthweight,2980,45524,,,
2016,Pregnancy rates by age group,Ages 10-19,2840,,242502,11.7,
2016,Pregnancy rates by age group,Ages 20-24,10715,,128121,83.6,
2016,Pregnancy rates by age group,Ages 25-29,15659,,138025,113.5,
2016,Pregnancy rates by age group,Ages 30-34,14767,,137832,107.1,
2016,Pregnancy rates by age group,Ages 35-39,7846,,137244,57.2,
2016,Pregnancy rates by age group,Ages 40-44,1789,,132562,13.5,
2016,Pregnancy rates of teens ages 15-19,Ages 15-17,726,,71720,10.1,
2016,Pregnancy rates of teens ages 15-19,Ages 15-19,2815,,123924,22.7,
2016,Pregnancy rates of teens ages 15-19,Ages 18-19,2089,,52204,40,
2016,Pregnancy rates of young teens ages 10-17,Ages 10-14,25,,118578,0.2,
2016,Pregnancy rates of young teens ages 10-17,Ages 10-17,751,,190298,3.9,
2016,Total occurrence births & abortions,Abortion ratio,,,,,194.5
2016,Total occurrence births & abortions,Occurrence abortions,8942,,,,
2016,Total occurrence births & abortions,Occurrence births,45977,,,,
2016,Total resident births & pregnancies,Resident births,45533,,,,
2016,Total resident births & pregnancies,Resident pregnancies,53742,,,,
2017,Birth rates by age of mother,Ages 15-19,1809,43630,126846,14.3,
2017,Birth rates by age of mother,Ages 20-24,7796,43630,127692,61.1,
2017,Birth rates by age of mother,Ages 25-29,12540,43630,138031,90.8,
2017,Birth rates by age of mother,Ages 30-34,12883,43630,138257,93.2,
2017,Birth rates by age of mother,Ages 35-39,7069,43630,138188,51.2,
2017,Birth rates by age of mother,Ages 40-44,1419,43630,132972,10.7,
2017,Births by adequacy of prenatal care,Adequate care,40485,43121,,,
2017,Births by adequacy of prenatal care,Inadequate care,2636,43121,,,
2017,Births by age of mother,Age not stated,1,43630,,,
2017,Births by age of mother,Ages <15,13,43630,,,
2017,Births by age of mother,Ages 15-19,1809,43630,,,
2017,Births by age of mother,Ages 20-24,7796,43630,,,
2017,Births by age of mother,Ages 25-29,12540,43630,,,
2017,Births by age of mother,Ages 30-34,12883,43630,,,
2017,Births by age of mother,Ages 35-39,7069,43630,,,
2017,Births by age of mother,Ages 40-44,1419,43630,,,
2017,Births by age of mother,Ages 45+,100,43630,,,
2017,Births by any mention race and ethnicity,AI/AN,1432,43630,,,
2017,Births by any mention race and ethnicity,Asian,3002,43630,,,
2017,Births by any mention race and ethnicity,Black  ,1656,43630,,,
2017,Births by any mention race and ethnicity,Hispanic,8263,43630,,,
2017,Births by any mention race and ethnicity,NH/PI,510,43630,,,
2017,Births by any mention race and ethnicity,Other/not stated ,2112,43630,,,
2017,Births by any mention race and ethnicity,White,37207,43630,,,
2017,Births by reported tobacco use and mother's age,Ages <20,254,1809,,,
2017,Births by reported tobacco use and mother's age,Ages 20-24,1068,7762,,,
2017,Births by reported tobacco use and mother's age,Ages 25-29,1330,12490,,,
2017,Births by reported tobacco use and mother's age,Ages 30-34,808,12839,,,
2017,Births by reported tobacco use and mother's age,Ages 35-39,358,7043,,,
2017,Births by reported tobacco use and mother's age,Ages 40+,73,1512,,,
2017,Births by reported tobacco use and mother's age,All ages,3891,43455,,,
2017,Births by single mention race and ethnicity,AI/AN,433,43630,,,
2017,Births by single mention race and ethnicity,Asian,2379,43630,,,
2017,Births by single mention race and ethnicity,Black  ,996,43630,,,
2017,Births by single mention race and ethnicity,Hispanic,8263,43630,,,
2017,Births by single mention race and ethnicity,Multiple races,1730,43630,,,
2017,Births by single mention race and ethnicity,NH/PI,306,43630,,,
2017,Births by single mention race and ethnicity,Other/not stated ,201,43630,,,
2017,Births by single mention race and ethnicity,White,29322,43630,,,
2017,Births by trimester of first prenatal care visit,First trimester,34597,43293,,,
2017,Births by trimester of first prenatal care visit,No prenatal care,351,43293,,,
2017,Births by trimester of first prenatal care visit,Second trimester,6638,43293,,,
2017,Births by trimester of first prenatal care visit,Third trimester,1707,43293,,,
2017,Births to unmarried mothers by age,Age not stated,1,1,,,
2017,Births to unmarried mothers by age,Ages <15,13,13,,,
2017,Births to unmarried mothers by age,Ages 15-19,1594,1799,,,
2017,Births to unmarried mothers by age,Ages 20-24,4812,7767,,,
2017,Births to unmarried mothers by age,Ages 25-29,4519,12490,,,
2017,Births to unmarried mothers by age,Ages 30-34,2870,12862,,,
2017,Births to unmarried mothers by age,Ages 35-39,1541,7051,,,
2017,Births to unmarried mothers by age,Ages 40-44,360,1417,,,
2017,Births to unmarried mothers by age,Ages 45+,28,99,,,
2017,Births to unmarried mothers by age,All ages,15738,43499,,,
2017,Births to unmarried mothers by any race/ethnicity,AI/AN,860,1425,,,
2017,Births to unmarried mothers by any race/ethnicity,Asian,495,2991,,,
2017,Births to unmarried mothers by any race/ethnicity,Black  ,968,1650,,,
2017,Births to unmarried mothers by any race/ethnicity,Hispanic,4129,8242,,,
2017,Births to unmarried mothers by any race/ethnicity,NH/PI,260,510,,,
2017,Births to unmarried mothers by any race/ethnicity,Other/not stated ,1038,2103,,,
2017,Births to unmarried mothers by any race/ethnicity,White,13285,37098,,,
2017,Births to unmarried mothers by single race/ethnicity,AI/AN,296,432,,,
2017,Births to unmarried mothers by single race/ethnicity,Asian,285,2370,,,
2017,Births to unmarried mothers by single race/ethnicity,Black  ,526,994,,,
2017,Births to unmarried mothers by single race/ethnicity,Hispanic,4129,8242,,,
2017,Births to unmarried mothers by single race/ethnicity,Multiple races,870,1724,,,
2017,Births to unmarried mothers by single race/ethnicity,NH/PI,164,306,,,
2017,Births to unmarried mothers by single race/ethnicity,Other/not stated ,87,195,,,
2017,Births to unmarried mothers by single race/ethnicity,White,9381,29236,,,
2017,Fertility rates,General fertility rate,43516,43630,801986,54.3,
2017,Fertility rates,Total fertility rate,,,,"1,605.90",
2017,Low birthweight infants,<1500 grams,457,43625,,,
2017,Low birthweight infants,1500-2499 grams,2524,43625,,,
2017,Low birthweight infants,Total low birthweight,2981,43625,,,
2017,Pregnancy rates by age group,Ages 10-19,2624,,251128,10.4,
2017,Pregnancy rates by age group,Ages 20-24,10020,,127692,78.5,
2017,Pregnancy rates by age group,Ages 25-29,14761,,138031,106.9,
2017,Pregnancy rates by age group,Ages 30-34,14407,,138257,104.2,
2017,Pregnancy rates by age group,Ages 35-39,7995,,138188,57.9,
2017,Pregnancy rates by age group,Ages 40-44,1720,,132972,12.9,
2017,Pregnancy rates of teens ages 15-19,Ages 15-17,639,,74850,8.5,
2017,Pregnancy rates of teens ages 15-19,Ages 15-19,2595,,126846,20.5,
2017,Pregnancy rates of teens ages 15-19,Ages 18-19,1956,,51996,37.6,
2017,Pregnancy rates of young teens ages 10-17,Ages 10-14,29,,124282,0.2,
2017,Pregnancy rates of young teens ages 10-17,Ages 10-17,668,,199132,3.4,
2017,Total occurrence births & abortions,Abortion ratio,,,,,192.6
2017,Total occurrence births & abortions,Occurrence abortions,8506,,,,
2017,Total occurrence births & abortions,Occurrence births,44160,,,,
2017,Total resident births & pregnancies,Resident births,43630,,,,
2017,Total resident births & pregnancies,Resident pregnancies,51657,,,,
2018,Birth rates by age of mother,Ages 15-19,1608,42183,124794,12.9,
2018,Birth rates by age of mother,Ages 20-24,7366,42183,131086,56.2,
2018,Birth rates by age of mother,Ages 25-29,12038,42183,142226,84.6,
2018,Birth rates by age of mother,Ages 30-34,12736,42183,142708,89.2,
2018,Birth rates by age of mother,Ages 35-39,6886,42183,143269,48.1,
2018,Birth rates by age of mother,Ages 40-44,1451,42183,137241,10.6,
2018,Births by adequacy of prenatal care,Adequate care,39070,41697,,,
2018,Births by adequacy of prenatal care,Inadequate care,2627,41697,,,
2018,Births by age of mother,Age not stated,1,42183,,,
2018,Births by age of mother,Ages <15,7,42183,,,
2018,Births by age of mother,Ages 15-19,1608,42183,,,
2018,Births by age of mother,Ages 20-24,7366,42183,,,
2018,Births by age of mother,Ages 25-29,12038,42183,,,
2018,Births by age of mother,Ages 30-34,12736,42183,,,
2018,Births by age of mother,Ages 35-39,6886,42183,,,
2018,Births by age of mother,Ages 40-44,1451,42183,,,
2018,Births by age of mother,Ages 45+,90,42183,,,
2018,Births by any mention race and ethnicity,AI/AN,1341,42183,,,
2018,Births by any mention race and ethnicity,Asian,2962,42183,,,
2018,Births by any mention race and ethnicity,Black  ,1587,42183,,,
2018,Births by any mention race and ethnicity,Hispanic,7974,42183,,,
2018,Births by any mention race and ethnicity,NH/PI,524,42183,,,
2018,Births by any mention race and ethnicity,Other/not stated ,2143,42183,,,
2018,Births by any mention race and ethnicity,White,35915,42183,,,
2018,Births by reported tobacco use and mother's age,Age not stated,0,1,,,
2018,Births by reported tobacco use and mother's age,Ages <20,215,1612,,,
2018,Births by reported tobacco use and mother's age,Ages 20-24,940,7342,,,
2018,Births by reported tobacco use and mother's age,Ages 25-29,1174,11997,,,
2018,Births by reported tobacco use and mother's age,Ages 30-34,792,12708,,,
2018,Births by reported tobacco use and mother's age,Ages 35-39,353,6864,,,
2018,Births by reported tobacco use and mother's age,Ages 40+,70,1538,,,
2018,Births by reported tobacco use and mother's age,All ages,3544,42062,,,
2018,Births by single mention race and ethnicity,AI/AN,388,42183,,,
2018,Births by single mention race and ethnicity,Asian,2272,42183,,,
2018,Births by single mention race and ethnicity,Black  ,972,42183,,,
2018,Births by single mention race and ethnicity,Hispanic,7974,42183,,,
2018,Births by single mention race and ethnicity,Multiple races,1663,42183,,,
2018,Births by single mention race and ethnicity,NH/PI,315,42183,,,
2018,Births by single mention race and ethnicity,Other/not stated ,200,42183,,,
2018,Births by single mention race and ethnicity,White,28399,42183,,,
2018,Births by trimester of first prenatal care visit,First trimester,33927,41878,,,
2018,Births by trimester of first prenatal care visit,No prenatal care,409,41878,,,
2018,Births by trimester of first prenatal care visit,Second trimester,5846,41878,,,
2018,Births by trimester of first prenatal care visit,Third trimester,1696,41878,,,
2018,Births to unmarried mothers by age,Ages <15,7,7,,,
2018,Births to unmarried mothers by age,Ages 15-19,1415,1595,,,
2018,Births to unmarried mothers by age,Ages 20-24,4612,7336,,,
2018,Births to unmarried mothers by age,Ages 25-29,4355,12006,,,
2018,Births to unmarried mothers by age,Ages 30-34,2901,12706,,,
2018,Births to unmarried mothers by age,Ages 35-39,1508,6874,,,
2018,Births to unmarried mothers by age,Ages 40-44,400,1446,,,
2018,Births to unmarried mothers by age,Ages 45+,29,90,,,
2018,Births to unmarried mothers by age,All ages,15227,42060,,,
2018,Births to unmarried mothers by any race/ethnicity,AI/AN,789,1333,,,
2018,Births to unmarried mothers by any race/ethnicity,Asian,523,2957,,,
2018,Births to unmarried mothers by any race/ethnicity,Black  ,930,1582,,,
2018,Births to unmarried mothers by any race/ethnicity,Hispanic,4007,7956,,,
2018,Births to unmarried mothers by any race/ethnicity,NH/PI,280,523,,,
2018,Births to unmarried mothers by any race/ethnicity,Other/not stated ,1083,2128,,,
2018,Births to unmarried mothers by any race/ethnicity,White,12821,35818,,,
2018,Births to unmarried mothers by single race/ethnicity,AI/AN,239,384,,,
2018,Births to unmarried mothers by single race/ethnicity,Asian,271,2268,,,
2018,Births to unmarried mothers by single race/ethnicity,Black  ,515,967,,,
2018,Births to unmarried mothers by single race/ethnicity,Hispanic,4007,7956,,,
2018,Births to unmarried mothers by single race/ethnicity,Multiple races,836,1659,,,
2018,Births to unmarried mothers by single race/ethnicity,NH/PI,173,315,,,
2018,Births to unmarried mothers by single race/ethnicity,Other/not stated ,91,196,,,
2018,Births to unmarried mothers by single race/ethnicity,White,9095,28315,,,
2018,Fertility rates,General fertility rate,42085,42183,821324,51.2,
2018,Fertility rates,Total fertility rate,,,,"1,508.00",
2018,Low birthweight infants,<1500 grams,375,42179,,,
2018,Low birthweight infants,1500-2499 grams,2455,42179,,,
2018,Low birthweight infants,Total low birthweight,2830,42179,,,
2018,Pregnancy rates by age group,Ages 10-19,2372,,243115,9.8,
2018,Pregnancy rates by age group,Ages 20-24,9675,,131086,73.8,
2018,Pregnancy rates by age group,Ages 25-29,14301,,142226,100.6,
2018,Pregnancy rates by age group,Ages 30-34,14286,,142708,100.1,
2018,Pregnancy rates by age group,Ages 35-39,7855,,143269,54.8,
2018,Pregnancy rates by age group,Ages 40-44,1755,,137241,12.8,
2018,Pregnancy rates of teens ages 15-19,Ages 15-17,558,,70862,7.9,
2018,Pregnancy rates of teens ages 15-19,Ages 15-19,2353,,124794,18.9,
2018,Pregnancy rates of teens ages 15-19,Ages 18-19,1795,,53932,33.3,
2018,Pregnancy rates of young teens ages 10-17,Ages 10-14,19,,118321,0.2,
2018,Pregnancy rates of young teens ages 10-17,Ages 10-17,577,,189183,3,
2018,Total occurrence births & abortions,Abortion ratio,,,,,205.7
2018,Total occurrence births & abortions,Occurrence abortions,8785,,,,
2018,Total occurrence births & abortions,Occurrence births,42705,,,,
2018,Total resident births & pregnancies,Resident births,42183,,,,
2018,Total resident births & pregnancies,Resident pregnancies,50368,,,,
2019,Birth rates by age of mother,Ages 15-19,1455,41861,124038,11.7,
2019,Birth rates by age of mother,Ages 20-24,7231,41861,131867,54.8,
2019,Birth rates by age of mother,Ages 25-29,11886,41861,143449,82.9,
2019,Birth rates by age of mother,Ages 30-34,12527,41861,143997,87,
2019,Birth rates by age of mother,Ages 35-39,7164,41861,145995,49.1,
2019,Birth rates by age of mother,Ages 40-44,1450,41861,139615,10.4,
2019,Births by adequacy of prenatal care,Adequate care,39057,41647,,,
2019,Births by adequacy of prenatal care,Inadequate care,2590,41647,,,
2019,Births by age of mother,Age not stated,39,41861,,,
2019,Births by age of mother,Ages <15,9,41861,,,
2019,Births by age of mother,Ages 15-19,1455,41861,,,
2019,Births by age of mother,Ages 20-24,7231,41861,,,
2019,Births by age of mother,Ages 25-29,11886,41861,,,
2019,Births by age of mother,Ages 30-34,12527,41861,,,
2019,Births by age of mother,Ages 35-39,7164,41861,,,
2019,Births by age of mother,Ages 40-44,1450,41861,,,
2019,Births by age of mother,Ages 45+,100,41861,,,
2019,Births by any mention race and ethnicity,AI/AN,1371,41861,,,
2019,Births by any mention race and ethnicity,Asian,3044,41861,,,
2019,Births by any mention race and ethnicity,Black  ,1622,41861,,,
2019,Births by any mention race and ethnicity,Hispanic,8156,41861,,,
2019,Births by any mention race and ethnicity,NH/PI,563,41861,,,
2019,Births by any mention race and ethnicity,Other/not stated ,2083,41861,,,
2019,Births by any mention race and ethnicity,White,35484,41861,,,
2019,Births by reported tobacco use and mother's age,Age not stated,1,37,,,
2019,Births by reported tobacco use and mother's age,Ages <20,170,1453,,,
2019,Births by reported tobacco use and mother's age,Ages 20-24,779,7205,,,
2019,Births by reported tobacco use and mother's age,Ages 25-29,1036,11862,,,
2019,Births by reported tobacco use and mother's age,Ages 30-34,770,12498,,,
2019,Births by reported tobacco use and mother's age,Ages 35-39,313,7146,,,
2019,Births by reported tobacco use and mother's age,Ages 40+,66,1548,,,
2019,Births by reported tobacco use and mother's age,All ages,3135,41749,,,
2019,Births by single mention race and ethnicity,AI/AN,408,41861,,,
2019,Births by single mention race and ethnicity,Asian,2381,41861,,,
2019,Births by single mention race and ethnicity,Black  ,1017,41861,,,
2019,Births by single mention race and ethnicity,Hispanic,8156,41861,,,
2019,Births by single mention race and ethnicity,Multiple races,1620,41861,,,
2019,Births by single mention race and ethnicity,NH/PI,345,41861,,,
2019,Births by single mention race and ethnicity,Other/not stated ,184,41861,,,
2019,Births by single mention race and ethnicity,White,27750,41861,,,
2019,Births by trimester of first prenatal care visit,First trimester,34020,41686,,,
2019,Births by trimester of first prenatal care visit,No prenatal care,475,41686,,,
2019,Births by trimester of first prenatal care visit,Second trimester,5657,41686,,,
2019,Births by trimester of first prenatal care visit,Third trimester,1534,41686,,,
2019,Births to unmarried mothers by age,Age not stated,8,34,,,
2019,Births to unmarried mothers by age,Ages <15,9,9,,,
2019,Births to unmarried mothers by age,Ages 15-19,1306,1451,,,
2019,Births to unmarried mothers by age,Ages 20-24,4555,7200,,,
2019,Births to unmarried mothers by age,Ages 25-29,4396,11856,,,
2019,Births to unmarried mothers by age,Ages 30-34,2820,12496,,,
2019,Births to unmarried mothers by age,Ages 35-39,1533,7152,,,
2019,Births to unmarried mothers by age,Ages 40-44,386,1448,,,
2019,Births to unmarried mothers by age,Ages 45+,30,100,,,
2019,Births to unmarried mothers by age,All ages,15043,41746,,,
2019,Births to unmarried mothers by any race/ethnicity,AI/AN,795,1365,,,
2019,Births to unmarried mothers by any race/ethnicity,Asian,502,3035,,,
2019,Births to unmarried mothers by any race/ethnicity,Black  ,914,1616,,,
2019,Births to unmarried mothers by any race/ethnicity,Hispanic,4077,8142,,,
2019,Births to unmarried mothers by any race/ethnicity,NH/PI,298,562,,,
2019,Births to unmarried mothers by any race/ethnicity,Other/not stated ,1023,2079,,,
2019,Births to unmarried mothers by any race/ethnicity,White,12637,35382,,,
2019,Births to unmarried mothers by single race/ethnicity,AI/AN,282,407,,,
2019,Births to unmarried mothers by single race/ethnicity,Asian,265,2376,,,
2019,Births to unmarried mothers by single race/ethnicity,Black  ,526,1015,,,
2019,Births to unmarried mothers by single race/ethnicity,Hispanic,4077,8142,,,
2019,Births to unmarried mothers by single race/ethnicity,Multiple races,764,1610,,,
2019,Births to unmarried mothers by single race/ethnicity,NH/PI,194,344,,,
2019,Births to unmarried mothers by single race/ethnicity,Other/not stated ,84,181,,,
2019,Births to unmarried mothers by single race/ethnicity,White,8851,27671,,,
2019,Fertility rates,General fertility rate,41713,41861,828961,50.3,
2019,Fertility rates,Total fertility rate,,,,"1,479.40",
2019,Low birthweight infants,<1500 grams,415,41851,,,
2019,Low birthweight infants,1500-2499 grams,2393,41851,,,
2019,Low birthweight infants,Total low birthweight,2808,41851,,,
2019,Pregnancy rates by age group,Ages 10-19,2272,,242170,9.4,
2019,Pregnancy rates by age group,Ages 20-24,9461,,131867,71.7,
2019,Pregnancy rates by age group,Ages 25-29,14062,,143449,98,
2019,Pregnancy rates by age group,Ages 30-34,14127,,143997,98.1,
2019,Pregnancy rates by age group,Ages 35-39,8149,,145995,55.8,
2019,Pregnancy rates by age group,Ages 40-44,1777,,139615,12.7,
2019,Pregnancy rates of teens ages 15-19,Ages 15-17,530,,69713,7.6,
2019,Pregnancy rates of teens ages 15-19,Ages 15-19,2243,,124038,18.1,
2019,Pregnancy rates of teens ages 15-19,Ages 18-19,1713,,54325,31.5,
2019,Pregnancy rates of young teens ages 10-17,Ages 10-14,29,,118132,0.2,
2019,Pregnancy rates of young teens ages 10-17,Ages 10-17,559,,187845,3,
2019,Total occurrence births & abortions,Abortion ratio,,,,,201.2
2019,Total occurrence births & abortions,Occurrence abortions,8688,,,,
2019,Total occurrence births & abortions,Occurrence births,43187,,,,
2019,Total resident births & pregnancies,Resident births,41861,,,,
2019,Total resident births & pregnancies,Resident pregnancies,50024,,,,
2020,Birth rates by age of mother,Ages 15-19,1212,39817,126381,9.6,
2020,Birth rates by age of mother,Ages 20-24,6747,39817,131097,51.5,
2020,Birth rates by age of mother,Ages 25-29,11057,39817,140215,78.9,
2020,Birth rates by age of mother,Ages 30-34,12191,39817,148194,82.3,
2020,Birth rates by age of mother,Ages 35-39,7043,39817,148061,47.6,
2020,Birth rates by age of mother,Ages 40-44,1463,39817,136781,10.7,
2020,Births by adequacy of prenatal care,Adequate care,37219,39569,,,
2020,Births by adequacy of prenatal care,Inadequate care,2350,39569,,,
2020,Births by age of mother,Ages <15,10,39817,,,
2020,Births by age of mother,Ages 15-19,1212,39817,,,
2020,Births by age of mother,Ages 20-24,6747,39817,,,
2020,Births by age of mother,Ages 25-29,11057,39817,,,
2020,Births by age of mother,Ages 30-34,12191,39817,,,
2020,Births by age of mother,Ages 35-39,7043,39817,,,
2020,Births by age of mother,Ages 40-44,1463,39817,,,
2020,Births by age of mother,Ages 45+,94,39817,,,
2020,Births by any mention race and ethnicity,AI/AN,1325,39817,,,
2020,Births by any mention race and ethnicity,Asian,2793,39817,,,
2020,Births by any mention race and ethnicity,Black  ,1645,39817,,,
2020,Births by any mention race and ethnicity,Hispanic,7911,39817,,,
2020,Births by any mention race and ethnicity,NH/PI,463,39817,,,
2020,Births by any mention race and ethnicity,Other/not stated ,2014,39817,,,
2020,Births by any mention race and ethnicity,White,33815,39817,,,
2020,Births by reported tobacco use and mother's age,Ages <20,124,1221,,,
2020,Births by reported tobacco use and mother's age,Ages 20-24,653,6706,,,
2020,Births by reported tobacco use and mother's age,Ages 25-29,860,11019,,,
2020,Births by reported tobacco use and mother's age,Ages 30-34,685,12166,,,
2020,Births by reported tobacco use and mother's age,Ages 35-39,307,7025,,,
2020,Births by reported tobacco use and mother's age,Ages 40+,69,1551,,,
2020,Births by reported tobacco use and mother's age,All ages,2698,39688,,,
2020,Births by single mention race and ethnicity,AI/AN,384,39817,,,
2020,Births by single mention race and ethnicity,Asian,2121,39817,,,
2020,Births by single mention race and ethnicity,Black  ,984,39817,,,
2020,Births by single mention race and ethnicity,Hispanic,7911,39817,,,
2020,Births by single mention race and ethnicity,Multiple races,1607,39817,,,
2020,Births by single mention race and ethnicity,NH/PI,278,39817,,,
2020,Births by single mention race and ethnicity,Other/not stated ,190,39817,,,
2020,Births by single mention race and ethnicity,White,26342,39817,,,
2020,Births by trimester of first prenatal care visit,First trimester,32405,39635,,,
2020,Births by trimester of first prenatal care visit,No prenatal care,346,39635,,,
2020,Births by trimester of first prenatal care visit,Second trimester,5483,39635,,,
2020,Births by trimester of first prenatal care visit,Third trimester,1401,39635,,,
2020,Births to unmarried mothers by age,Ages <15,10,10,,,
2020,Births to unmarried mothers by age,Ages 15-19,1095,1208,,,
2020,Births to unmarried mothers by age,Ages 20-24,4369,6735,,,
2020,Births to unmarried mothers by age,Ages 25-29,4050,11024,,,
2020,Births to unmarried mothers by age,Ages 30-34,3000,12165,,,
2020,Births to unmarried mothers by age,Ages 35-39,1604,7030,,,
2020,Births to unmarried mothers by age,Ages 40-44,421,1462,,,
2020,Births to unmarried mothers by age,Ages 45+,33,92,,,
2020,Births to unmarried mothers by age,All ages,14582,39726,,,
2020,Births to unmarried mothers by any race/ethnicity,AI/AN,784,1322,,,
2020,Births to unmarried mothers by any race/ethnicity,Asian,499,2789,,,
2020,Births to unmarried mothers by any race/ethnicity,Black  ,977,1644,,,
2020,Births to unmarried mothers by any race/ethnicity,Hispanic,4010,7894,,,
2020,Births to unmarried mothers by any race/ethnicity,NH/PI,268,463,,,
2020,Births to unmarried mothers by any race/ethnicity,Other/not stated ,1042,2000,,,
2020,Births to unmarried mothers by any race/ethnicity,White,12160,33741,,,
2020,Births to unmarried mothers by single race/ethnicity,AI/AN,268,384,,,
2020,Births to unmarried mothers by single race/ethnicity,Asian,256,2117,,,
2020,Births to unmarried mothers by single race/ethnicity,Black  ,528,983,,,
2020,Births to unmarried mothers by single race/ethnicity,Hispanic,4010,7894,,,
2020,Births to unmarried mothers by single race/ethnicity,Multiple races,799,1604,,,
2020,Births to unmarried mothers by single race/ethnicity,NH/PI,176,278,,,
2020,Births to unmarried mothers by single race/ethnicity,Other/not stated ,86,184,,,
2020,Births to unmarried mothers by single race/ethnicity,White,8459,26282,,,
2020,Fertility rates,General fertility rate,39713,39817,830729,47.8,
2020,Fertility rates,Total fertility rate,,,,"1,402.20",
2020,Low birthweight infants,<1500 grams,408,39803,,,
2020,Low birthweight infants,1500-2499 grams,2200,39803,,,
2020,Low birthweight infants,Total low birthweight,2608,39803,,,
2020,Pregnancy rates by age group,Ages 10-19,1861,,247828,7.5,
2020,Pregnancy rates by age group,Ages 20-24,8721,,131097,66.5,
2020,Pregnancy rates by age group,Ages 25-29,12784,,140215,91.2,
2020,Pregnancy rates by age group,Ages 30-34,13414,,148194,90.5,
2020,Pregnancy rates by age group,Ages 35-39,7767,,148061,52.5,
2020,Pregnancy rates by age group,Ages 40-44,1750,,136781,12.8,
2020,Pregnancy rates of teens ages 15-19,Ages 15-17,424,,73067,5.8,
2020,Pregnancy rates of teens ages 15-19,Ages 15-19,1831,,126381,14.5,
2020,Pregnancy rates of teens ages 15-19,Ages 18-19,1407,,53314,26.4,
2020,Pregnancy rates of young teens ages 10-17,Ages 10-14,30,,121447,0.2,
2020,Pregnancy rates of young teens ages 10-17,Ages 10-17,454,,194514,2.3,
2020,Total occurrence births & abortions,Abortion ratio,,,,,173.2
2020,Total occurrence births & abortions,Occurrence abortions,6991,,,,
2020,Total occurrence births & abortions,Occurrence births,40371,,,,
2020,Total resident births & pregnancies,Resident births,39817,,,,
2020,Total resident births & pregnancies,Resident pregnancies,46419,,,,
2021,Birth rates by age of mother,Ages 15-19,1158,40931,119502,9.7,
2021,Birth rates by age of mother,Ages 20-24,6605,40931,129404,51,
2021,Birth rates by age of mother,Ages 25-29,11188,40931,146039,76.6,
2021,Birth rates by age of mother,Ages 30-34,12901,40931,150215,85.9,
2021,Birth rates by age of mother,Ages 35-39,7340,40931,149919,49,
2021,Birth rates by age of mother,Ages 40-44,1630,40931,140113,11.6,
2021,Births by adequacy of prenatal care,Adequate care,38213,40571,,,
2021,Births by adequacy of prenatal care,Inadequate care,2358,40571,,,
2021,Births by age of mother,Age not stated,1,40931,,,
2021,Births by age of mother,Ages <15,11,40931,,,
2021,Births by age of mother,Ages 15-19,1158,40931,,,
2021,Births by age of mother,Ages 20-24,6605,40931,,,
2021,Births by age of mother,Ages 25-29,11188,40931,,,
2021,Births by age of mother,Ages 30-34,12901,40931,,,
2021,Births by age of mother,Ages 35-39,7340,40931,,,
2021,Births by age of mother,Ages 40-44,1630,40931,,,
2021,Births by age of mother,Ages 45+,97,40931,,,
2021,Births by any mention race and ethnicity,AI/AN,1344,40931,,,
2021,Births by any mention race and ethnicity,Asian,2789,40931,,,
2021,Births by any mention race and ethnicity,Black  ,1762,40931,,,
2021,Births by any mention race and ethnicity,Hispanic,8320,40931,,,
2021,Births by any mention race and ethnicity,NH/PI,558,40931,,,
2021,Births by any mention race and ethnicity,Other/not stated ,2199,40931,,,
2021,Births by any mention race and ethnicity,White,34619,40931,,,
2021,Births by reported tobacco use and mother's age,Age not stated,0,1,,,
2021,Births by reported tobacco use and mother's age,Ages <20,88,1162,,,
2021,Births by reported tobacco use and mother's age,Ages 20-24,561,6559,,,
2021,Births by reported tobacco use and mother's age,Ages 25-29,706,11134,,,
2021,Births by reported tobacco use and mother's age,Ages 30-34,602,12831,,,
2021,Births by reported tobacco use and mother's age,Ages 35-39,272,7295,,,
2021,Births by reported tobacco use and mother's age,Ages 40+,64,1717,,,
2021,Births by reported tobacco use and mother's age,All ages,2293,40699,,,
2021,Births by single mention race and ethnicity,AI/AN,382,40931,,,
2021,Births by single mention race and ethnicity,Asian,2112,40931,,,
2021,Births by single mention race and ethnicity,Black  ,1070,40931,,,
2021,Births by single mention race and ethnicity,Hispanic,8320,40931,,,
2021,Births by single mention race and ethnicity,Multiple races,1659,40931,,,
2021,Births by single mention race and ethnicity,NH/PI,343,40931,,,
2021,Births by single mention race and ethnicity,Other/not stated ,291,40931,,,
2021,Births by single mention race and ethnicity,White,26754,40931,,,
2021,Births by trimester of first prenatal care visit,First trimester,33356,40659,,,
2021,Births by trimester of first prenatal care visit,No prenatal care,412,40659,,,
2021,Births by trimester of first prenatal care visit,Second trimester,5533,40659,,,
2021,Births by trimester of first prenatal care visit,Third trimester,1358,40659,,,
2021,Births to unmarried mothers by age,Age not stated,1,1,,,
2021,Births to unmarried mothers by age,Ages <15,11,11,,,
2021,Births to unmarried mothers by age,Ages 15-19,1033,1153,,,
2021,Births to unmarried mothers by age,Ages 20-24,4348,6588,,,
2021,Births to unmarried mothers by age,Ages 25-29,4210,11157,,,
2021,Births to unmarried mothers by age,Ages 30-34,3122,12880,,,
2021,Births to unmarried mothers by age,Ages 35-39,1659,7328,,,
2021,Births to unmarried mothers by age,Ages 40-44,479,1628,,,
2021,Births to unmarried mothers by age,Ages 45+,35,97,,,
2021,Births to unmarried mothers by age,All ages,14898,40843,,,
2021,Births to unmarried mothers by any race/ethnicity,AI/AN,799,1337,,,
2021,Births to unmarried mothers by any race/ethnicity,Asian,498,2784,,,
2021,Births to unmarried mothers by any race/ethnicity,Black  ,976,1761,,,
2021,Births to unmarried mothers by any race/ethnicity,Hispanic,4366,8306,,,
2021,Births to unmarried mothers by any race/ethnicity,NH/PI,295,556,,,
2021,Births to unmarried mothers by any race/ethnicity,Other/not stated ,1128,2191,,,
2021,Births to unmarried mothers by any race/ethnicity,White,12360,34548,,,
2021,Births to unmarried mothers by single race/ethnicity,AI/AN,260,378,,,
2021,Births to unmarried mothers by single race/ethnicity,Asian,274,2108,,,
2021,Births to unmarried mothers by single race/ethnicity,Black  ,541,1070,,,
2021,Births to unmarried mothers by single race/ethnicity,Hispanic,4366,8306,,,
2021,Births to unmarried mothers by single race/ethnicity,Multiple races,790,1654,,,
2021,Births to unmarried mothers by single race/ethnicity,NH/PI,194,343,,,
2021,Births to unmarried mothers by single race/ethnicity,Other/not stated ,117,284,,,
2021,Births to unmarried mothers by single race/ethnicity,White,8356,26700,,,
2021,Fertility rates,General fertility rate,40822,40931,835192,48.9,
2021,Fertility rates,Total fertility rate,,,,"1,419.10",
2021,Low birthweight infants,<1500 grams,388,40917,,,
2021,Low birthweight infants,1500-2499 grams,2443,40917,,,
2021,Low birthweight infants,Total low birthweight,2831,40917,,,
2021,Pregnancy rates by age group,Ages 10-19,1841,,240286,7.7,
2021,Pregnancy rates by age group,Ages 20-24,8502,,129404,65.7,
2021,Pregnancy rates by age group,Ages 25-29,13003,,146039,89,
2021,Pregnancy rates by age group,Ages 30-34,14250,,150215,94.9,
2021,Pregnancy rates by age group,Ages 35-39,8095,,149919,54,
2021,Pregnancy rates by age group,Ages 40-44,1911,,140113,13.6,
2021,Pregnancy rates of teens ages 15-19,Ages 15-17,438,,71911,6.1,
2021,Pregnancy rates of teens ages 15-19,Ages 15-19,1818,,119502,15.2,
2021,Pregnancy rates of teens ages 15-19,Ages 18-19,1380,,47591,29,
2021,Pregnancy rates of young teens ages 10-17,Ages 10-14,23,,120784,0.2,
2021,Pregnancy rates of young teens ages 10-17,Ages 10-17,461,,192695,2.4,
2021,Total occurrence births & abortions,Abortion ratio,,,,,170.7
2021,Total occurrence births & abortions,Occurrence abortions,7109,,,,
2021,Total occurrence births & abortions,Occurrence births,41644,,,,
2021,Total resident births & pregnancies,Resident births,40931,,,,
2021,Total resident births & pregnancies,Resident pregnancies,47722,,,,
